{
  "IcoMoonType": "selection",
  "icons": [
    {
      "icon": {
        "paths": [
          "M304 608c0 114.876 93.124 208 208 208s208-93.124 208-208-93.124-208-208-208-208 93.124-208 208zM960 256h-224c-16-64-32-128-96-128h-256c-64 0-80 64-96 128h-224c-35.2 0-64 28.8-64 64v576c0 35.2 28.8 64 64 64h896c35.2 0 64-28.8 64-64v-576c0-35.2-28.8-64-64-64zM512 892c-156.85 0-284-127.148-284-284 0-156.85 127.15-284 284-284 156.852 0 284 127.15 284 284 0 156.852-127.146 284-284 284zM960 448h-128v-64h128v64z"
        ],
        "tags": [
          "camera",
          "photo",
          "picture",
          "image"
        ],
        "defaultCode": 59663,
        "grid": 16,
        "attrs": []
      },
      "attrs": [],
      "properties": {
        "ligatures": "camera, photo",
        "name": "camera",
        "order": 5,
        "id": 16,
        "prevSize": 32
      },
      "setIdx": 0,
      "setId": 1,
      "iconIdx": 15
    },
    {
      "icon": {
        "paths": [
          "M256 64h512v128h-512v-128z",
          "M960 256h-896c-35.2 0-64 28.8-64 64v320c0 35.2 28.794 64 64 64h192v256h512v-256h192c35.2 0 64-28.8 64-64v-320c0-35.2-28.8-64-64-64zM128 448c-35.346 0-64-28.654-64-64s28.654-64 64-64 64 28.654 64 64-28.652 64-64 64zM704 896h-384v-320h384v320z"
        ],
        "tags": [
          "printer",
          "print"
        ],
        "defaultCode": 59732,
        "grid": 16,
        "attrs": []
      },
      "attrs": [],
      "properties": {
        "ligatures": "printer, print",
        "name": "printer",
        "order": 6,
        "id": 85,
        "prevSize": 32
      },
      "setIdx": 0,
      "setId": 1,
      "iconIdx": 84
    },
    {
      "icon": {
        "width": 1152,
        "paths": [
          "M1088 128h-1024c-35.2 0-64 28.8-64 64v640c0 35.2 28.8 64 64 64h1024c35.2 0 64-28.8 64-64v-640c0-35.2-28.8-64-64-64zM640 256h128v128h-128v-128zM832 448v128h-128v-128h128zM448 256h128v128h-128v-128zM640 448v128h-128v-128h128zM256 256h128v128h-128v-128zM448 448v128h-128v-128h128zM128 256h64v128h-64v-128zM128 448h128v128h-128v-128zM192 768h-64v-128h64v128zM768 768h-512v-128h512v128zM1024 768h-192v-128h192v128zM1024 576h-128v-128h128v128zM1024 384h-192v-128h192v128z"
        ],
        "tags": [
          "keyboard",
          "typing",
          "type"
        ],
        "defaultCode": 59733,
        "grid": 16,
        "attrs": []
      },
      "attrs": [],
      "properties": {
        "ligatures": "keyboard, typing",
        "name": "keyboard",
        "order": 2,
        "id": 86,
        "prevSize": 32
      },
      "setIdx": 0,
      "setId": 1,
      "iconIdx": 85
    },
    {
      "icon": {
        "paths": [
          "M1002.934 817.876l-460.552-394.76c21.448-40.298 33.618-86.282 33.618-135.116 0-159.058-128.942-288-288-288-29.094 0-57.172 4.332-83.646 12.354l166.39 166.39c24.89 24.89 24.89 65.62 0 90.51l-101.49 101.49c-24.89 24.89-65.62 24.89-90.51 0l-166.39-166.39c-8.022 26.474-12.354 54.552-12.354 83.646 0 159.058 128.942 288 288 288 48.834 0 94.818-12.17 135.116-33.62l394.76 460.552c22.908 26.724 62.016 28.226 86.904 3.338l101.492-101.492c24.888-24.888 23.386-63.994-3.338-86.902z"
        ],
        "tags": [
          "wrench",
          "tool",
          "fix",
          "settings",
          "control",
          "options",
          "preferences"
        ],
        "defaultCode": 59793,
        "grid": 16,
        "attrs": []
      },
      "attrs": [],
      "properties": {
        "ligatures": "wrench, tool",
        "name": "wrench",
        "order": 4,
        "id": 146,
        "prevSize": 32
      },
      "setIdx": 0,
      "setId": 1,
      "iconIdx": 145
    },
    {
      "icon": {
        "paths": [
          "M60.538 0l82.144 921.63 368.756 102.37 369.724-102.524 82.3-921.476h-902.924zM784.63 301.428h-432.54l10.302 115.75h411.968l-31.042 347.010-231.844 64.254-231.572-64.254-15.83-177.512h113.494l8.048 90.232 125.862 33.916 0.278-0.078 125.934-33.992 13.070-146.55h-391.74l-30.494-341.8h566.214l-10.108 113.024z"
        ],
        "tags": [
          "html-five",
          "w3c"
        ],
        "defaultCode": 60132,
        "grid": 16,
        "attrs": []
      },
      "attrs": [],
      "properties": {
        "ligatures": "html-five, w3c",
        "name": "html-five",
        "order": 3,
        "id": 485,
        "prevSize": 32
      },
      "setIdx": 0,
      "setId": 1,
      "iconIdx": 484
    }
  ],
  "height": 1024,
  "preferences": {
    "showGlyphs": true,
    "showQuickUse": true,
    "showQuickUse2": true,
    "showSVGs": true,
    "fontPref": {
      "prefix": "icon-",
      "metadata": {
        "fontFamily": "icomoon"
      },
      "metrics": {
        "emSize": 1024,
        "baseline": 6.25,
        "whitespace": 50
      },
      "embed": false
    },
    "imagePref": {
      "prefix": "icon-",
      "png": false,
      "useClassSelector": true,
      "color": 0,
      "bgColor": 16777215,
      "classSelector": ".icon",
      "name": "icomoon",
      "height": 32,
      "columns": 16,
      "margin": 16
    },
    "historySize": 50,
    "showCodes": true,
    "gridSize": 16
  }
}